"Status","Start Time","Stop Time","Duration in ms","Parent Suite","Suite","Sub Suite","Test Class","Test Method","Name","Description"
"passed","Thu Sep 10 08:52:16 UTC 2026","Thu Sep 10 08:52:16 UTC 2026","21","cray-bss-hmth-test","disruptive","","","","bssAPIhostsNegative",""
"passed","Thu Sep 10 08:31:16 UTC 2026","Thu Sep 10 08:31:16 UTC 2026","436","cray-smd-hmth-test","non-disruptive","","","","Ensure that we can conduct a variety of queries on the Components collection",""
"passed","Thu Sep 10 08:45:32 UTC 2026","Thu Sep 10 08:45:32 UTC 2026","100","cray-power-control-hmth-test","disruptive","","","","Verify that all transition operations have the expected data",""
"passed","Thu Sep 10 08:41:26 UTC 2026","Thu Sep 10 08:41:26 UTC 2026","66","cray-capmc-hmth-test","disruptive","","","","capmcAPIxnameReinitPOSTlockedNode",""
"passed","Thu Sep 10 08:31:20 UTC 2026","Thu Sep 10 08:31:20 UTC 2026","441","cray-smd-hmth-test","non-disruptive","","","","Query the ServiceEndpoints collection",""
"passed","Thu Sep 10 08:30:53 UTC 2026","Thu Sep 10 08:30:53 UTC 2026","11","cray-firmware-action-hmth-test","non-disruptive","","","","Verify the service status resource",""
"passed","Thu Sep 10 08:30:40 UTC 2026","Thu Sep 10 08:30:41 UTC 2026","314","cray-sls-hmth-test","non-disruptive","","","","Verify the dumpstate resource",""
"passed","Thu Sep 10 08:30:35 UTC 2026","Thu Sep 10 08:30:35 UTC 2026","14","cray-power-control-hmth-test","non-disruptive","","","","Verify power-status with a non-present component",""
"passed","Thu Sep 10 08:52:22 UTC 2026","Thu Sep 10 08:52:22 UTC 2026","16","cray-smd-hmth-test","disruptive","","","","hsmAPIstateComponentsNegativeInvalidParams[state]",""
"passed","Thu Sep 10 08:30:35 UTC 2026","Thu Sep 10 08:30:36 UTC 2026","23","cray-power-control-hmth-test","non-disruptive","","","","Verify the PCS service APIs reject unsupported operations",""
"passed","Thu Sep 10 08:37:26 UTC 2026","Thu Sep 10 08:38:56 UTC 2026","90077","cray-capmc-hmth-test","disruptive","","","","capmcAPIxnameReinitPOSTonComputeNode - Verify xname_reinit restarts a compute node that is powered on",""
"passed","Thu Sep 10 08:31:15 UTC 2026","Thu Sep 10 08:31:15 UTC 2026","45","cray-smd-hmth-test","non-disruptive","","","","Ensure that we can conduct a query for all Nodes in the Component collection",""
"passed","Thu Sep 10 08:52:19 UTC 2026","Thu Sep 10 08:52:19 UTC 2026","13","cray-sls-hmth-test","disruptive","","","","Verify the loadstate resource fail loading",""
"passed","Thu Sep 10 08:30:22 UTC 2026","Thu Sep 10 08:30:22 UTC 2026","8","cray-bss-hmth-test","smoke","","","","test_smoke[Verify GET boot/v1/hosts]",""
"passed","Thu Sep 10 08:52:22 UTC 2026","Thu Sep 10 08:52:22 UTC 2026","17","cray-smd-hmth-test","disruptive","","","","hsmAPIstateComponentsNegativeInvalidParams[nid]",""
"passed","Thu Sep 10 08:57:01 UTC 2026","Thu Sep 10 08:58:02 UTC 2026","61594","cray-capmc-hmth-test","build-pipeline-only","","","","capmcAPIxnameOnPOSToffComputeNodePrereq - Verify xname_on with the prereq option powers on a compute node and its parents that are powered off",""
"passed","Thu Sep 10 08:30:27 UTC 2026","Thu Sep 10 08:30:27 UTC 2026","14","cray-capmc-hmth-test","non-disruptive","","","","capmcAPIxnameReinitPOSTemptyXname",""
"passed","Thu Sep 10 08:30:26 UTC 2026","Thu Sep 10 08:30:26 UTC 2026","14","cray-capmc-hmth-test","non-disruptive","","","","capmcAPIGetXnameStatus with 'show_off' filter",""
"passed","Thu Sep 10 08:52:12 UTC 2026","Thu Sep 10 08:52:12 UTC 2026","131","cray-power-control-hmth-test","disruptive","","","","Verify that all transition operations have the expected data",""
"passed","Thu Sep 10 08:30:24 UTC 2026","Thu Sep 10 08:30:24 UTC 2026","4","cray-smd-hmth-test","smoke","","","","test_smoke[Verify GET hsm/v2/locks/status]",""
"passed","Thu Sep 10 08:30:24 UTC 2026","Thu Sep 10 08:30:24 UTC 2026","3","cray-smd-hmth-test","smoke","","","","test_smoke[Verify GET hsm/v2/Inventory/EthernetInterfaces]",""
"passed","Thu Sep 10 08:30:26 UTC 2026","Thu Sep 10 08:30:26 UTC 2026","20","cray-capmc-hmth-test","non-disruptive","","","","capmcAPIGetXnameStatus with 'show_disabled' filter",""
"passed","Thu Sep 10 08:30:24 UTC 2026","Thu Sep 10 08:30:24 UTC 2026","3","cray-smd-hmth-test","smoke","","","","test_smoke[Verify GET hsm/v2/service/values/state]",""
"passed","Thu Sep 10 08:30:24 UTC 2026","Thu Sep 10 08:30:24 UTC 2026","2","cray-smd-hmth-test","smoke","","","","test_smoke[Verify GET hsm/v2/service/values/class]",""
"passed","Thu Sep 10 08:31:16 UTC 2026","Thu Sep 10 08:31:18 UTC 2026","1702","cray-smd-hmth-test","non-disruptive","","","","Query the Hardware collection",""
"passed","Thu Sep 10 08:30:27 UTC 2026","Thu Sep 10 08:30:27 UTC 2026","14","cray-capmc-hmth-test","non-disruptive","","","","capmcAPIxnameOnPOSTgarbageXname",""
"passed","Thu Sep 10 08:52:22 UTC 2026","Thu Sep 10 08:52:22 UTC 2026","18","cray-smd-hmth-test","disruptive","","","","hsmAPIstateComponentsNegativeInvalidParams[subrole]",""
"passed","Thu Sep 10 08:42:36 UTC 2026","Thu Sep 10 08:43:39 UTC 2026","63027","cray-power-control-hmth-test","disruptive","","","","Verify transitions powers off multiple compute nodes that are powered on",""
"passed","Thu Sep 10 08:58:17 UTC 2026","Thu Sep 10 08:58:17 UTC 2026","73","cray-bss-hmth-test","destructive","","","","bssAPIBootscriptByHSMRole",""
"passed","Thu Sep 10 08:30:35 UTC 2026","Thu Sep 10 08:30:35 UTC 2026","13","cray-power-control-hmth-test","non-disruptive","","","","Verify power-status with an invalid powerStateFilter",""
"passed","Thu Sep 10 08:52:25 UTC 2026","Thu Sep 10 08:52:26 UTC 2026","400","cray-smd-hmth-test","disruptive","","","","hsmAPILocks",""
"passed","Thu Sep 10 08:30:39 UTC 2026","Thu Sep 10 08:30:39 UTC 2026","12","cray-bss-hmth-test","non-disruptive","","","","Verify the bootscript service gracefully handles invalid query parameters for the bootscript resource",""
"passed","Thu Sep 10 08:30:35 UTC 2026","Thu Sep 10 08:30:35 UTC 2026","49","cray-power-control-hmth-test","non-disruptive","","","","Verify power-status for a Node",""
"passed","Thu Sep 10 08:31:19 UTC 2026","Thu Sep 10 08:31:19 UTC 2026","218","cray-smd-hmth-test","non-disruptive","","","","Ensure that we can gather information from the memberships collection",""
"passed","Thu Sep 10 08:52:14 UTC 2026","Thu Sep 10 08:52:14 UTC 2026","64","cray-bss-hmth-test","disruptive","","","","bssAPIcloudinitMetaDataNegative",""
"passed","Thu Sep 10 08:31:15 UTC 2026","Thu Sep 10 08:31:15 UTC 2026","11","cray-smd-hmth-test","non-disruptive","","","","Attempt to query the ComponentEndpoints collection with an invalid xname",""
"passed","Thu Sep 10 08:52:29 UTC 2026","Thu Sep 10 08:54:01 UTC 2026","92111","cray-capmc-hmth-test","build-pipeline-only","","","","capmcAPIxnameOffPOSTonComputeModuleRecursive - Verify xname_off with the recursive option powers off a compute module and its children that are powered on",""
"passed","Thu Sep 10 08:43:39 UTC 2026","Thu Sep 10 08:44:11 UTC 2026","32584","cray-power-control-hmth-test","disruptive","","","","Verify transitions powers off a chassis that is powered on",""
"passed","Thu Sep 10 08:30:35 UTC 2026","Thu Sep 10 08:30:35 UTC 2026","31","cray-power-control-hmth-test","non-disruptive","","","","Verify power-status with unsupported operations",""
"passed","Thu Sep 10 08:58:17 UTC 2026","Thu Sep 10 08:58:17 UTC 2026","380","cray-bss-hmth-test","destructive","","","","bssAPIBootparameterMACAddressAsIdentifier",""
"passed","Thu Sep 10 08:30:27 UTC 2026","Thu Sep 10 08:30:27 UTC 2026","12","cray-capmc-hmth-test","non-disruptive","","","","capmcAPIxnameOffPUT - Verify xname_off PUT method fails",""
"passed","Thu Sep 10 08:52:18 UTC 2026","Thu Sep 10 08:52:18 UTC 2026","46","cray-sls-hmth-test","disruptive","","","","slsAPISearchNetworksNotFound[full_name]",""
"passed","Thu Sep 10 08:52:26 UTC 2026","Thu Sep 10 08:52:26 UTC 2026","145","cray-smd-hmth-test","disruptive","","","","hsmAPILocksNegative",""
"passed","Thu Sep 10 08:31:16 UTC 2026","Thu Sep 10 08:31:16 UTC 2026","41","cray-smd-hmth-test","non-disruptive","","","","Ensure that we can conduct a query on the Node BMCs in the Component collection",""
"passed","Thu Sep 10 08:30:27 UTC 2026","Thu Sep 10 08:30:27 UTC 2026","13","cray-capmc-hmth-test","non-disruptive","","","","capmcAPIxnameReinitPOSTgarbageXname",""
"passed","Thu Sep 10 08:49:03 UTC 2026","Thu Sep 10 08:50:36 UTC 2026","93510","cray-power-control-hmth-test","disruptive","","","","Verify transitions restarts a compute node that is powered on",""
"passed","Thu Sep 10 08:31:15 UTC 2026","Thu Sep 10 08:31:15 UTC 2026","11","cray-smd-hmth-test","non-disruptive","","","","Attempt to query the ComponentEndpoints collection with a nid instead of an xname",""
"passed","Thu Sep 10 08:58:14 UTC 2026","Thu Sep 10 08:58:16 UTC 2026","1061","cray-power-control-hmth-test","build-pipeline-only","","","","Verify transitions handles requests for unsupported power transitions on NodeEnclosures",""
"passed","Thu Sep 10 08:58:04 UTC 2026","Thu Sep 10 08:58:12 UTC 2026","8578","cray-power-control-hmth-test","build-pipeline-only","","","","Verify power-cap for a single node",""
"passed","Thu Sep 10 08:52:18 UTC 2026","Thu Sep 10 08:52:19 UTC 2026","137","cray-sls-hmth-test","disruptive","","","","Verify the dumpstate resource",""
"passed","Thu Sep 10 08:58:18 UTC 2026","Thu Sep 10 08:58:18 UTC 2026","87","cray-bss-hmth-test","destructive","","","","Destructive Test clean",""
"passed","Thu Sep 10 08:50:36 UTC 2026","Thu Sep 10 08:50:38 UTC 2026","2128","cray-power-control-hmth-test","disruptive","","","","Verify transitions handles attempts to restart compute nodes that are powered off",""
"passed","Thu Sep 10 08:30:26 UTC 2026","Thu Sep 10 08:30:26 UTC 2026","305","cray-capmc-hmth-test","non-disruptive","","","","capmcAPIGetPowerCapCapabilities",""
"passed","Thu Sep 10 08:31:16 UTC 2026","Thu Sep 10 08:31:16 UTC 2026","43","cray-smd-hmth-test","non-disruptive","","","","Ensure that we can call the Component Query API with node BMC xnames",""
"passed","Thu Sep 10 08:30:22 UTC 2026","Thu Sep 10 08:30:22 UTC 2026","17","cray-bss-hmth-test","smoke","","","","test_smoke[Verify GET boot/v1/dumpstate]",""
"passed","Thu Sep 10 08:30:27 UTC 2026","Thu Sep 10 08:30:27 UTC 2026","11","cray-capmc-hmth-test","non-disruptive","","","","capmcAPIxnameOffHEAD - Verify xname_off HEAD method fails",""
"passed","Thu Sep 10 08:30:27 UTC 2026","Thu Sep 10 08:30:27 UTC 2026","12","cray-capmc-hmth-test","non-disruptive","","","","capmcAPIxnameReinitPATCH - Verify xname_reinit PATCH method fails",""
"passed","Thu Sep 10 08:30:27 UTC 2026","Thu Sep 10 08:30:27 UTC 2026","12","cray-capmc-hmth-test","non-disruptive","","","","capmcAPIxnameOffPATCH - Verify xname_off PATCH method fails",""
"passed","Thu Sep 10 08:31:16 UTC 2026","Thu Sep 10 08:31:16 UTC 2026","72","cray-smd-hmth-test","non-disruptive","","","","Ensure that we can call the Component Query API with node xnames",""
"passed","Thu Sep 10 08:31:54 UTC 2026","Thu Sep 10 08:32:55 UTC 2026","61167","cray-capmc-hmth-test","disruptive","","","","capmcAPIxnameOffPOSTmultipleOnComputeNodes - Verify xname_off powers off multiple compute nodes that are powered on",""
"passed","Thu Sep 10 08:31:16 UTC 2026","Thu Sep 10 08:31:16 UTC 2026","22","cray-smd-hmth-test","non-disruptive","","","","Ensure that we can gather the system discovery status information",""
"passed","Thu Sep 10 08:30:38 UTC 2026","Thu Sep 10 08:30:38 UTC 2026","13","cray-power-control-hmth-test","non-disruptive","","","","Verify transitions when aborting non-existent transitionIDs",""
"passed","Thu Sep 10 08:30:39 UTC 2026","Thu Sep 10 08:30:39 UTC 2026","31","cray-bss-hmth-test","non-disruptive","","","","bssAPIServiceAPIsNegative - Verify POST, PUT, PATCH, DELETE against service endpoints[service/status]",""
"passed","Thu Sep 10 08:31:19 UTC 2026","Thu Sep 10 08:31:19 UTC 2026","73","cray-smd-hmth-test","non-disruptive","","","","Query the Hardware collection for Node information",""
"passed","Thu Sep 10 08:35:26 UTC 2026","Thu Sep 10 08:35:55 UTC 2026","29600","cray-capmc-hmth-test","disruptive","","","","capmcAPIxnameOnPOSToffComputeNode - Verify xname_on powers on a compute node that is powered off",""
"passed","Thu Sep 10 08:30:23 UTC 2026","Thu Sep 10 08:30:23 UTC 2026","2","cray-firmware-action-hmth-test","smoke","","","","test_smoke[Verify GET service/status]",""
"passed","Thu Sep 10 08:30:23 UTC 2026","Thu Sep 10 08:30:23 UTC 2026","5","cray-sls-hmth-test","smoke","","","","test_smoke[Verify GET v1/version]",""
"passed","Thu Sep 10 08:30:22 UTC 2026","Thu Sep 10 08:30:22 UTC 2026","3","cray-bss-hmth-test","smoke","","","","test_smoke[Verify GET boot/v1/bootscript?nid=0]",""
"passed","Thu Sep 10 08:31:15 UTC 2026","Thu Sep 10 08:31:15 UTC 2026","66","cray-smd-hmth-test","non-disruptive","","","","Query the ComponentEndpoints collection and get NodeBMC Information",""
"passed","Thu Sep 10 08:30:24 UTC 2026","Thu Sep 10 08:30:24 UTC 2026","2","cray-smd-hmth-test","smoke","","","","test_smoke[Verify GET hsm/v2/partitions]",""
"passed","Thu Sep 10 08:32:55 UTC 2026","Thu Sep 10 08:33:01 UTC 2026","6113","cray-capmc-hmth-test","disruptive","","","","capmcAPIxnameOffPOSToffComputeNode - Verify xname_off keeps power off for a compute node that is already powered off",""
"passed","Thu Sep 10 08:30:23 UTC 2026","Thu Sep 10 08:30:23 UTC 2026","2","cray-firmware-action-hmth-test","smoke","","","","test_smoke[Verify GET actions]",""
"passed","Thu Sep 10 08:30:26 UTC 2026","Thu Sep 10 08:30:26 UTC 2026","17","cray-capmc-hmth-test","non-disruptive","","","","capmcAPIGetXnameStatus with 'show_diag' filter",""
"passed","Thu Sep 10 08:30:20 UTC 2026","Thu Sep 10 08:30:20 UTC 2026","37","cray-capmc-hmth-test","smoke","","","","test_smoke[Verify GET capmc/v1/health]",""
"passed","Thu Sep 10 08:30:26 UTC 2026","Thu Sep 10 08:30:26 UTC 2026","47","cray-capmc-hmth-test","non-disruptive","","","","capmcAPIGetXnameStatus via Hardware State Manager with Node Xname",""
"failed","Thu Sep 10 08:52:23 UTC 2026","Thu Sep 10 08:52:25 UTC 2026","2315","cray-smd-hmth-test","disruptive","","","","hsmAPIinventoryHardwareDisruptive",""
"passed","Thu Sep 10 08:31:18 UTC 2026","Thu Sep 10 08:31:19 UTC 2026","953","cray-smd-hmth-test","non-disruptive","","","","Query the HardwareByFRU collection",""
"passed","Thu Sep 10 08:31:21 UTC 2026","Thu Sep 10 08:31:21 UTC 2026","25","cray-smd-hmth-test","non-disruptive","","","","Ensure that we can gather information from the state change notifications collection",""
"passed","Thu Sep 10 08:30:24 UTC 2026","Thu Sep 10 08:30:24 UTC 2026","3","cray-smd-hmth-test","smoke","","","","test_smoke[Verify GET hsm/v2/Defaults/NodeMaps]",""
"passed","Thu Sep 10 08:30:23 UTC 2026","Thu Sep 10 08:30:23 UTC 2026","4","cray-sls-hmth-test","smoke","","","","test_smoke[Verify GET v1/networks]",""
"passed","Thu Sep 10 08:52:22 UTC 2026","Thu Sep 10 08:52:22 UTC 2026","17","cray-smd-hmth-test","disruptive","","","","hsmAPIstateComponentsNegativeInvalidParams[enabled]",""
"passed","Thu Sep 10 08:30:27 UTC 2026","Thu Sep 10 08:30:27 UTC 2026","13","cray-capmc-hmth-test","non-disruptive","","","","capmcAPIxnameReinitPOSTmissingXnames",""
"passed","Thu Sep 10 08:41:46 UTC 2026","Thu Sep 10 08:42:34 UTC 2026","47815","cray-power-control-hmth-test","disruptive","","","","Verify transitions powers off a compute node that is powered on",""
"passed","Thu Sep 10 08:30:20 UTC 2026","Thu Sep 10 08:30:20 UTC 2026","31","cray-capmc-hmth-test","smoke","","","","test_smoke[Verify POST capmc/v1/get_xname_status]",""
"passed","Thu Sep 10 08:30:35 UTC 2026","Thu Sep 10 08:30:35 UTC 2026","47","cray-power-control-hmth-test","non-disruptive","","","","Verify power-status for multiple components",""
"passed","Thu Sep 10 08:30:39 UTC 2026","Thu Sep 10 08:30:39 UTC 2026","13","cray-bss-hmth-test","non-disruptive","","","","Verify the bootscript service gracefully handles invalid nids for the bootscript resource[-1]",""
"passed","Thu Sep 10 08:52:13 UTC 2026","Thu Sep 10 08:52:13 UTC 2026","61","cray-bss-hmth-test","disruptive","","","","bssAPIBootparameters",""
"passed","Thu Sep 10 08:30:24 UTC 2026","Thu Sep 10 08:30:24 UTC 2026","3","cray-smd-hmth-test","smoke","","","","test_smoke[Verify GET hsm/v2/groups]",""
"passed","Thu Sep 10 08:30:27 UTC 2026","Thu Sep 10 08:30:27 UTC 2026","12","cray-capmc-hmth-test","non-disruptive","","","","capmcAPIxnameOffDELETE - Verify xname_off DELETE method fails",""
"passed","Thu Sep 10 08:31:21 UTC 2026","Thu Sep 10 08:31:21 UTC 2026","10","cray-smd-hmth-test","non-disruptive","","","","Attempt to query the ServiceEndpoints collection for the EventService with an invalid xname",""
"passed","Thu Sep 10 08:52:18 UTC 2026","Thu Sep 10 08:52:18 UTC 2026","113","cray-sls-hmth-test","disruptive","","","","slsAPIHardwareXname",""
"passed","Thu Sep 10 08:30:24 UTC 2026","Thu Sep 10 08:30:24 UTC 2026","9","cray-smd-hmth-test","smoke","","","","test_smoke[Verify GET hsm/v2/Inventory/HardwareByFRU]",""
"failed","Thu Sep 10 08:58:17 UTC 2026","Thu Sep 10 08:58:17 UTC 2026","72","cray-bss-hmth-test","destructive","","","","bssAPIbootscript",""
"passed","Thu Sep 10 08:30:32 UTC 2026","Thu Sep 10 08:30:33 UTC 2026","1042","cray-power-control-hmth-test","non-disruptive","","","","Verify power-cap handles patch requests for non-present nodes",""
"passed","Thu Sep 10 08:37:26 UTC 2026","Thu Sep 10 08:37:26 UTC 2026","70","cray-capmc-hmth-test","disruptive","","","","capmcAPIxnameOnPOSTlockedNode",""
"passed","Thu Sep 10 08:58:13 UTC 2026","Thu Sep 10 08:58:13 UTC 2026","24","cray-power-control-hmth-test","build-pipeline-only","","","","Verify power-status for a ChassisBMC",""
"passed","Thu Sep 10 08:30:24 UTC 2026","Thu Sep 10 08:30:24 UTC 2026","3","cray-smd-hmth-test","smoke","","","","test_smoke[Verify GET hsm/v2/memberships]",""
"passed","Thu Sep 10 08:52:27 UTC 2026","Thu Sep 10 08:52:27 UTC 2026","131","cray-smd-hmth-test","disruptive","","","","hsmAPIRedfishEndpointsNegative",""
"passed","Thu Sep 10 08:52:14 UTC 2026","Thu Sep 10 08:52:14 UTC 2026","178","cray-bss-hmth-test","disruptive","","","","bssAPIBootparameterMultipleHosts",""
"passed","Thu Sep 10 08:31:21 UTC 2026","Thu Sep 10 08:31:21 UTC 2026","15","cray-smd-hmth-test","non-disruptive","","","","Attempt to query the ServiceEndpoints collection for the SessionService with an invalid xname",""
"passed","Thu Sep 10 08:30:27 UTC 2026","Thu Sep 10 08:30:27 UTC 2026","11","cray-capmc-hmth-test","non-disruptive","","","","capmcAPIxnameReinitDELETE - Verify xname_reinit DELETE method fails",""
"passed","Thu Sep 10 08:30:27 UTC 2026","Thu Sep 10 08:30:27 UTC 2026","11","cray-capmc-hmth-test","non-disruptive","","","","capmcAPIxnameOffGET - Verify xname_off GET method fails",""
"passed","Thu Sep 10 08:31:20 UTC 2026","Thu Sep 10 08:31:20 UTC 2026","112","cray-smd-hmth-test","non-disruptive","","","","Query the ServiceEndpoints collection for the AccountService",""
"passed","Thu Sep 10 08:35:26 UTC 2026","Thu Sep 10 08:35:26 UTC 2026","36","cray-capmc-hmth-test","disruptive","","","","capmcAPIxnameOffPOSTnodeBMCxname",""
"passed","Thu Sep 10 08:35:26 UTC 2026","Thu Sep 10 08:35:26 UTC 2026","35","cray-capmc-hmth-test","disruptive","","","","capmcAPIxnameOffPOSTnodeEnclosureXname",""
"passed","Thu Sep 10 08:47:40 UTC 2026","Thu Sep 10 08:48:13 UTC 2026","32535","cray-power-control-hmth-test","disruptive","","","","Verify transitions powers on a chassis that is powered off",""
"passed","Thu Sep 10 08:58:23 UTC 2026","Thu Sep 10 08:58:25 UTC 2026","1443","cray-smd-hmth-test","destructive","","","","hsmAPIinventoryHardware[ByFRU]historyDestructive",""
"passed","Thu Sep 10 08:58:20 UTC 2026","Thu Sep 10 08:58:22 UTC 2026","2139","cray-smd-hmth-test","destructive","","","","hsmAPIstateComponentsDestructive",""
"passed","Thu Sep 10 08:30:24 UTC 2026","Thu Sep 10 08:30:24 UTC 2026","4","cray-smd-hmth-test","smoke","","","","test_smoke[Verify GET hsm/v2/Inventory/ServiceEndpoints]",""
"passed","Thu Sep 10 08:44:11 UTC 2026","Thu Sep 10 08:44:59 UTC 2026","47758","cray-power-control-hmth-test","disruptive","","","","Verify transitions powers off a ComputeModule that is powered on",""
"passed","Thu Sep 10 08:30:24 UTC 2026","Thu Sep 10 08:30:24 UTC 2026","3","cray-smd-hmth-test","smoke","","","","test_smoke[Verify GET hsm/v2/State/Components]",""
"passed","Thu Sep 10 08:52:22 UTC 2026","Thu Sep 10 08:52:22 UTC 2026","190","cray-smd-hmth-test","disruptive","","","","hsmAPIstateComponentsNegativeInvalidParams[id]",""
"passed","Thu Sep 10 08:31:21 UTC 2026","Thu Sep 10 08:31:21 UTC 2026","10","cray-smd-hmth-test","non-disruptive","","","","Attempt to query the ServiceEndpoints collection for the UpdateService with an invalid xname",""
"passed","Thu Sep 10 08:30:21 UTC 2026","Thu Sep 10 08:30:21 UTC 2026","5","cray-bss-hmth-test","smoke","","","","test_smoke[Verify GET boot/v1/service/version]",""
"passed","Thu Sep 10 08:41:26 UTC 2026","Thu Sep 10 08:41:26 UTC 2026","36","cray-capmc-hmth-test","disruptive","","","","capmcAPIxnameReinitPOSTnodeBMCxname",""
"passed","Thu Sep 10 08:58:17 UTC 2026","Thu Sep 10 08:58:17 UTC 2026","33","cray-bss-hmth-test","destructive","","","","bssAPIbootscriptUnknown",""
"passed","Thu Sep 10 08:40:26 UTC 2026","Thu Sep 10 08:41:26 UTC 2026","60020","cray-capmc-hmth-test","disruptive","","","","capmcAPIxnameReinitPOSToffComputeNode - Verify xname_reinit restarts a compute node that is powered off",""
"passed","Thu Sep 10 08:30:23 UTC 2026","Thu Sep 10 08:30:23 UTC 2026","3","cray-firmware-action-hmth-test","smoke","","","","test_smoke[Verify GET snapshots]",""
"passed","Thu Sep 10 08:58:13 UTC 2026","Thu Sep 10 08:58:13 UTC 2026","28","cray-power-control-hmth-test","build-pipeline-only","","","","Verify power-status for a Chassis",""
"passed","Thu Sep 10 08:30:30 UTC 2026","Thu Sep 10 08:30:31 UTC 2026","1064","cray-power-control-hmth-test","non-disruptive","","","","Verify power-cap handles snapshot requests for unsupported NodeBMC component type",""
"passed","Thu Sep 10 08:30:23 UTC 2026","Thu Sep 10 08:30:23 UTC 2026","6","cray-sls-hmth-test","smoke","","","","test_smoke[Verify GET v1/dumpstate]",""
"passed","Thu Sep 10 08:30:39 UTC 2026","Thu Sep 10 08:30:39 UTC 2026","17","cray-bss-hmth-test","non-disruptive","","","","Verify the bootscript service gracefully handles invalid nids for the bootscript resource[9999999999999999999999999999]",""
"passed","Thu Sep 10 08:58:25 UTC 2026","Thu Sep 10 08:58:25 UTC 2026","297","cray-smd-hmth-test","destructive","","","","HSM Service Endpoint Collection",""
"passed","Thu Sep 10 08:48:30 UTC 2026","Thu Sep 10 08:49:02 UTC 2026","32583","cray-power-control-hmth-test","disruptive","","","","Verify that on transition operations can be aborted",""
"passed","Thu Sep 10 08:36:31 UTC 2026","Thu Sep 10 08:36:55 UTC 2026","24413","cray-capmc-hmth-test","disruptive","","","","capmcAPIxnameOnPOSToffChassis - Verify xname_on powers on a chassis that is powered off",""
"passed","Thu Sep 10 08:30:31 UTC 2026","Thu Sep 10 08:30:32 UTC 2026","1042","cray-power-control-hmth-test","non-disruptive","","","","Verify power-cap handles snapshot requests for invalid components",""
"passed","Thu Sep 10 08:30:24 UTC 2026","Thu Sep 10 08:30:24 UTC 2026","5","cray-smd-hmth-test","smoke","","","","test_smoke[Verify GET hsm/v2/Inventory/ComponentEndpoints]",""
"passed","Thu Sep 10 08:37:26 UTC 2026","Thu Sep 10 08:37:26 UTC 2026","36","cray-capmc-hmth-test","disruptive","","","","capmcAPIxnameOnPOSTnodeBMCxname",""
"passed","Thu Sep 10 08:37:26 UTC 2026","Thu Sep 10 08:37:26 UTC 2026","36","cray-capmc-hmth-test","disruptive","","","","capmcAPIxnameOnPOSTnodeEnclosureXname",""
"passed","Thu Sep 10 08:30:39 UTC 2026","Thu Sep 10 08:30:39 UTC 2026","13","cray-bss-hmth-test","non-disruptive","","","","Verify the bootscript service gracefully handles invalid nids for the bootscript resource[one]",""
"passed","Thu Sep 10 08:54:01 UTC 2026","Thu Sep 10 08:56:01 UTC 2026","120120","cray-capmc-hmth-test","build-pipeline-only","","","","capmcAPIxnameOffPOSTonComputeNodePrereq - Verify xname_off with the prereq option powers off a compute node and its parents that are powered on",""
"passed","Thu Sep 10 08:30:28 UTC 2026","Thu Sep 10 08:30:29 UTC 2026","183","cray-power-control-hmth-test","non-disruptive","","","","Verify power-cap rejects unsupported methods",""
"passed","Thu Sep 10 08:52:18 UTC 2026","Thu Sep 10 08:52:18 UTC 2026","110","cray-sls-hmth-test","disruptive","","","","slsAPINetworksEntry",""
"passed","Thu Sep 10 08:52:26 UTC 2026","Thu Sep 10 08:52:27 UTC 2026","205","cray-smd-hmth-test","disruptive","","","","Verify POST, GET, PATCH, and DELETE methods for various /partitions APIs",""
"passed","Thu Sep 10 08:31:15 UTC 2026","Thu Sep 10 08:31:16 UTC 2026","127","cray-smd-hmth-test","non-disruptive","","","","Verify the Components collection",""
"passed","Thu Sep 10 08:30:26 UTC 2026","Thu Sep 10 08:30:26 UTC 2026","11","cray-capmc-hmth-test","non-disruptive","","","","capmcAPIGetXnameStatus invalid filter",""
"passed","Thu Sep 10 08:52:16 UTC 2026","Thu Sep 10 08:52:16 UTC 2026","64","cray-bss-hmth-test","disruptive","","","","bssAPIhosts",""
"passed","Thu Sep 10 08:58:13 UTC 2026","Thu Sep 10 08:58:13 UTC 2026","42","cray-power-control-hmth-test","build-pipeline-only","","","","Verify all power-cap task data",""
"passed","Thu Sep 10 08:31:15 UTC 2026","Thu Sep 10 08:31:15 UTC 2026","164","cray-smd-hmth-test","non-disruptive","","","","Query the ComponentEndpoints collection and get Node Information",""
"passed","Thu Sep 10 08:30:27 UTC 2026","Thu Sep 10 08:30:27 UTC 2026","45","cray-capmc-hmth-test","non-disruptive","","","","capmcAPIxnameOnPOSTnodeXnameRecursiveAndPrereq",""
"passed","Thu Sep 10 08:48:13 UTC 2026","Thu Sep 10 08:48:30 UTC 2026","17335","cray-power-control-hmth-test","disruptive","","","","Verify transitions powers on a ComputeModule that is powered off",""
"passed","Thu Sep 10 08:30:21 UTC 2026","Thu Sep 10 08:30:21 UTC 2026","5","cray-power-control-hmth-test","smoke","","","","test_smoke[Verify GET readiness]",""
"passed","Thu Sep 10 08:30:39 UTC 2026","Thu Sep 10 08:30:39 UTC 2026","12","cray-bss-hmth-test","non-disruptive","","","","Verify the bootscript service gracefully handles invalid nids for the bootscript resource[]",""
"passed","Thu Sep 10 08:33:01 UTC 2026","Thu Sep 10 08:34:24 UTC 2026","83480","cray-capmc-hmth-test","disruptive","","","","capmcAPIxnameOffPOSTonChassis - Verify xname_off powers off a chassis that is powered on",""
"passed","Thu Sep 10 08:30:23 UTC 2026","Thu Sep 10 08:30:23 UTC 2026","3","cray-sls-hmth-test","smoke","","","","test_smoke[Verify GET v1/readiness]",""
"passed","Thu Sep 10 08:52:26 UTC 2026","Thu Sep 10 08:52:26 UTC 2026","154","cray-smd-hmth-test","disruptive","","","","hsmAPIdefaultsNodeMapsNegative",""
"passed","Thu Sep 10 08:30:24 UTC 2026","Thu Sep 10 08:30:24 UTC 2026","2","cray-smd-hmth-test","smoke","","","","test_smoke[Verify GET hsm/v2/service/values/type]",""
"passed","Thu Sep 10 08:30:27 UTC 2026","Thu Sep 10 08:30:27 UTC 2026","12","cray-capmc-hmth-test","non-disruptive","","","","capmcAPIxnameOnGET - Verify xname_on GET method fails",""
"passed","Thu Sep 10 08:30:23 UTC 2026","Thu Sep 10 08:30:23 UTC 2026","5","cray-sls-hmth-test","smoke","","","","test_smoke[Verify GET v1/hardware]",""
"passed","Thu Sep 10 08:30:35 UTC 2026","Thu Sep 10 08:30:35 UTC 2026","15","cray-power-control-hmth-test","non-disruptive","","","","Verify power-cap handles patch requests with invalid caps",""
"passed","Thu Sep 10 08:42:34 UTC 2026","Thu Sep 10 08:42:36 UTC 2026","2148","cray-power-control-hmth-test","disruptive","","","","Verify transitions keeps power off for a compute node that is already powered off",""
"passed","Thu Sep 10 08:52:16 UTC 2026","Thu Sep 10 08:52:16 UTC 2026","72","cray-bss-hmth-test","disruptive","","","","bssAPIhostsSearch",""
"passed","Thu Sep 10 08:31:13 UTC 2026","Thu Sep 10 08:31:13 UTC 2026","20","cray-firmware-action-hmth-test","non-disruptive","","","","Verify the snapshots resource for deleting a snapshot",""
"passed","Thu Sep 10 08:52:18 UTC 2026","Thu Sep 10 08:52:18 UTC 2026","252","cray-sls-hmth-test","disruptive","","","","slsAPIHardware",""
"passed","Thu Sep 10 08:30:27 UTC 2026","Thu Sep 10 08:30:27 UTC 2026","14","cray-capmc-hmth-test","non-disruptive","","","","capmcAPIxnameOffPOSTmissingXnames",""
"passed","Thu Sep 10 08:30:34 UTC 2026","Thu Sep 10 08:30:35 UTC 2026","1042","cray-power-control-hmth-test","non-disruptive","","","","Verify power-cap handles patch requests for invalid components",""
"passed","Thu Sep 10 08:30:27 UTC 2026","Thu Sep 10 08:30:27 UTC 2026","44","cray-capmc-hmth-test","non-disruptive","","","","capmcAPIxnameOffPOSTnodeXnameRecursiveAndPrereq",""
"passed","Thu Sep 10 08:30:38 UTC 2026","Thu Sep 10 08:30:38 UTC 2026","14","cray-power-control-hmth-test","non-disruptive","","","","Verify transitions when retrieving non-existent transitionIDs",""
"passed","Thu Sep 10 08:30:27 UTC 2026","Thu Sep 10 08:30:27 UTC 2026","12","cray-capmc-hmth-test","non-disruptive","","","","capmcAPIxnameOnPUT - Verify xname_on PUT method fails",""
"passed","Thu Sep 10 08:52:13 UTC 2026","Thu Sep 10 08:52:14 UTC 2026","119","cray-bss-hmth-test","disruptive","","","","bssAPIBootparameterXnameAsIdentifier",""
"passed","Thu Sep 10 08:30:23 UTC 2026","Thu Sep 10 08:30:23 UTC 2026","3","cray-firmware-action-hmth-test","smoke","","","","test_smoke[Verify GET images]",""
"passed","Thu Sep 10 08:52:22 UTC 2026","Thu Sep 10 08:52:22 UTC 2026","16","cray-smd-hmth-test","disruptive","","","","hsmAPIstateComponentsNegativeInvalidParams[nid_end]",""
"passed","Thu Sep 10 08:30:27 UTC 2026","Thu Sep 10 08:30:27 UTC 2026","13","cray-capmc-hmth-test","non-disruptive","","","","capmcAPIxnameOnPOSTemptyXname",""
"passed","Thu Sep 10 08:30:24 UTC 2026","Thu Sep 10 08:30:24 UTC 2026","3","cray-smd-hmth-test","smoke","","","","test_smoke[Verify GET hsm/v2/groups/labels]",""
"passed","Thu Sep 10 08:30:21 UTC 2026","Thu Sep 10 08:30:21 UTC 2026","3","cray-power-control-hmth-test","smoke","","","","test_smoke[Verify GET power-status]",""
"passed","Thu Sep 10 08:30:35 UTC 2026","Thu Sep 10 08:30:35 UTC 2026","54","cray-power-control-hmth-test","non-disruptive","","","","Verify power-status for a Node using a managementStateFilter",""
"passed","Thu Sep 10 08:52:16 UTC 2026","Thu Sep 10 08:52:16 UTC 2026","128","cray-bss-hmth-test","disruptive","","","","Disruptive Test clean",""
"passed","Thu Sep 10 08:52:22 UTC 2026","Thu Sep 10 08:52:22 UTC 2026","16","cray-smd-hmth-test","disruptive","","","","hsmAPIstateComponentsNegativeInvalidParams[arch]",""
"passed","Thu Sep 10 08:30:35 UTC 2026","Thu Sep 10 08:30:35 UTC 2026","30","cray-power-control-hmth-test","non-disruptive","","","","Verify the PCS service APIs",""
"passed","Thu Sep 10 08:52:16 UTC 2026","Thu Sep 10 08:52:16 UTC 2026","28","cray-bss-hmth-test","disruptive","","","","bssAPIendpointHistoryNegative",""
"passed","Thu Sep 10 08:30:39 UTC 2026","Thu Sep 10 08:30:39 UTC 2026","236","cray-bss-hmth-test","non-disruptive","","","","Verify the dumpstate resource",""
"passed","Thu Sep 10 08:58:12 UTC 2026","Thu Sep 10 08:58:13 UTC 2026","1159","cray-power-control-hmth-test","build-pipeline-only","","","","Verify power-cap snapshot for multiple nodes",""
"passed","Thu Sep 10 08:30:23 UTC 2026","Thu Sep 10 08:30:23 UTC 2026","4","cray-firmware-action-hmth-test","smoke","","","","test_smoke[Verify GET service/version]",""
"passed","Thu Sep 10 08:31:15 UTC 2026","Thu Sep 10 08:31:15 UTC 2026","13","cray-smd-hmth-test","non-disruptive","","","","Attempt to query the ComponentEndpoints collection with a valid but nonexistent xname",""
"passed","Thu Sep 10 08:30:38 UTC 2026","Thu Sep 10 08:30:38 UTC 2026","13","cray-power-control-hmth-test","non-disruptive","","","","Verify transitions when aborting invalid transitionIDs",""
"passed","Thu Sep 10 08:30:27 UTC 2026","Thu Sep 10 08:30:27 UTC 2026","11","cray-capmc-hmth-test","non-disruptive","","","","capmcAPIxnameReinitGET - Verify xname_reinit GET method fails",""
"passed","Thu Sep 10 08:30:27 UTC 2026","Thu Sep 10 08:30:27 UTC 2026","16","cray-capmc-hmth-test","non-disruptive","","","","capmcAPIxnameOffPOSTgarbageXname",""
"passed","Thu Sep 10 08:30:41 UTC 2026","Thu Sep 10 08:30:41 UTC 2026","11","cray-sls-hmth-test","non-disruptive","","","","Verify the health resource",""
"passed","Thu Sep 10 08:31:21 UTC 2026","Thu Sep 10 08:31:21 UTC 2026","11","cray-smd-hmth-test","non-disruptive","","","","Attempt to query the ServiceEndpoints collection for the UpdateService with a valid but nonexistent xname",""
"passed","Thu Sep 10 08:52:18 UTC 2026","Thu Sep 10 08:52:18 UTC 2026","75","cray-sls-hmth-test","disruptive","","","","slsAPIHardware",""
"passed","Thu Sep 10 08:30:32 UTC 2026","Thu Sep 10 08:30:32 UTC 2026","15","cray-power-control-hmth-test","non-disruptive","","","","Verify power-cap handles invalid taskIDs",""
"passed","Thu Sep 10 08:44:59 UTC 2026","Thu Sep 10 08:45:32 UTC 2026","32574","cray-power-control-hmth-test","disruptive","","","","Verify that off transition operations can be aborted",""
"passed","Thu Sep 10 08:36:55 UTC 2026","Thu Sep 10 08:37:26 UTC 2026","30520","cray-capmc-hmth-test","disruptive","","","","capmcAPIxnameOnPOSToffComputeModule - Verify xname_on powers on a compute module that is powered off",""
"passed","Thu Sep 10 08:30:27 UTC 2026","Thu Sep 10 08:30:27 UTC 2026","17","cray-capmc-hmth-test","non-disruptive","","","","capmcAPIxnameOffPOSTemptyXname",""
"passed","Thu Sep 10 08:30:24 UTC 2026","Thu Sep 10 08:30:24 UTC 2026","3","cray-smd-hmth-test","smoke","","","","test_smoke[Verify GET hsm/v2/Inventory/RedfishEndpoints]",""
"passed","Thu Sep 10 08:31:20 UTC 2026","Thu Sep 10 08:31:20 UTC 2026","131","cray-smd-hmth-test","non-disruptive","","","","Query the ServiceEndpoints collection for the EventService",""
"passed","Thu Sep 10 08:30:38 UTC 2026","Thu Sep 10 08:30:38 UTC 2026","13","cray-power-control-hmth-test","non-disruptive","","","","Verify transitions when retrieving invalid transitionIDs",""
"passed","Thu Sep 10 08:31:21 UTC 2026","Thu Sep 10 08:31:21 UTC 2026","11","cray-smd-hmth-test","non-disruptive","","","","Attempt to query the ServiceEndpoints collection for the AccountService with an invalid xname",""
"passed","Thu Sep 10 08:41:28 UTC 2026","Thu Sep 10 08:41:46 UTC 2026","17554","cray-power-control-hmth-test","disruptive","","","","Verify transitions handles requests for nodes that are locked",""
"passed","Thu Sep 10 08:30:21 UTC 2026","Thu Sep 10 08:30:21 UTC 2026","3","cray-bss-hmth-test","smoke","","","","test_smoke[Verify GET boot/v1/service/status]",""
"passed","Thu Sep 10 08:30:41 UTC 2026","Thu Sep 10 08:30:41 UTC 2026","91","cray-sls-hmth-test","non-disruptive","","","","Verify the networks resource",""
"passed","Thu Sep 10 08:30:24 UTC 2026","Thu Sep 10 08:30:24 UTC 2026","3","cray-smd-hmth-test","smoke","","","","test_smoke[Verify GET hsm/v2/Subscriptions/SCN]",""
"passed","Thu Sep 10 08:30:26 UTC 2026","Thu Sep 10 08:30:26 UTC 2026","19","cray-capmc-hmth-test","non-disruptive","","","","capmcAPIGetXnameStatus with 'show_ready' filter",""
"passed","Thu Sep 10 08:30:24 UTC 2026","Thu Sep 10 08:30:24 UTC 2026","19","cray-smd-hmth-test","smoke","","","","test_smoke[Verify GET hsm/v2/Inventory/Hardware]",""
"failed","Thu Sep 10 08:52:25 UTC 2026","Thu Sep 10 08:52:25 UTC 2026","98","cray-smd-hmth-test","disruptive","","","","hsmAPIinventoryHardwareNegative",""
"passed","Thu Sep 10 08:30:39 UTC 2026","Thu Sep 10 08:30:39 UTC 2026","32","cray-bss-hmth-test","non-disruptive","","","","bssAPIServiceAPIsNegative - Verify POST, PUT, PATCH, DELETE against service endpoints[service/hsm]",""
"passed","Thu Sep 10 08:52:16 UTC 2026","Thu Sep 10 08:52:16 UTC 2026","34","cray-bss-hmth-test","disruptive","","","","bssAPIHostsSearchNegative",""
"passed","Thu Sep 10 08:30:26 UTC 2026","Thu Sep 10 08:30:26 UTC 2026","37","cray-capmc-hmth-test","non-disruptive","","","","capmcAPIGetXnameStatus via Hardware State Manager",""
"passed","Thu Sep 10 08:31:21 UTC 2026","Thu Sep 10 08:31:21 UTC 2026","10","cray-smd-hmth-test","non-disruptive","","","","Attempt to query the ServiceEndpoints collection for the SessionService with a valid but nonexistent xname",""
"passed","Thu Sep 10 08:52:22 UTC 2026","Thu Sep 10 08:52:22 UTC 2026","17","cray-smd-hmth-test","disruptive","","","","hsmAPIstateComponentsNegativeInvalidParams[role]",""
"passed","Thu Sep 10 08:30:27 UTC 2026","Thu Sep 10 08:30:27 UTC 2026","11","cray-capmc-hmth-test","non-disruptive","","","","capmcAPIxnameOnPATCH - Verify xname_on PATCH method fails",""
"passed","Thu Sep 10 08:30:21 UTC 2026","Thu Sep 10 08:30:21 UTC 2026","4","cray-power-control-hmth-test","smoke","","","","test_smoke[Verify GET transitions]",""
"passed","Thu Sep 10 08:30:27 UTC 2026","Thu Sep 10 08:30:27 UTC 2026","11","cray-capmc-hmth-test","non-disruptive","","","","capmcAPIxnameOnDELETE - Verify xname_on DELETE method fails",""
"passed","Thu Sep 10 08:36:25 UTC 2026","Thu Sep 10 08:36:31 UTC 2026","6109","cray-capmc-hmth-test","disruptive","","","","capmcAPIxnameOnPOSTonComputeNode - Verify xname_on keeps power on for a compute node that is already powered on",""
"passed","Thu Sep 10 08:30:35 UTC 2026","Thu Sep 10 08:30:35 UTC 2026","36","cray-power-control-hmth-test","non-disruptive","","","","Verify power-status for a NodeBMC",""
"passed","Thu Sep 10 08:46:37 UTC 2026","Thu Sep 10 08:47:40 UTC 2026","63112","cray-power-control-hmth-test","disruptive","","","","Verify transitions powers on multiple compute nodes that are powered off",""
"passed","Thu Sep 10 08:30:35 UTC 2026","Thu Sep 10 08:30:35 UTC 2026","34","cray-power-control-hmth-test","non-disruptive","","","","Verify power-status for a NodeEnclosure",""
"passed","Thu Sep 10 08:52:18 UTC 2026","Thu Sep 10 08:52:18 UTC 2026","78","cray-sls-hmth-test","disruptive","","","","slsAPIHardwareXname",""
"passed","Thu Sep 10 08:30:27 UTC 2026","Thu Sep 10 08:30:27 UTC 2026","10","cray-capmc-hmth-test","non-disruptive","","","","capmcAPIxnameReinitHEAD - Verify xname_reinit HEAD method fails",""
"passed","Thu Sep 10 08:52:14 UTC 2026","Thu Sep 10 08:52:16 UTC 2026","2136","cray-bss-hmth-test","disruptive","","","","bssAPIcloudinit",""
"passed","Thu Sep 10 08:31:20 UTC 2026","Thu Sep 10 08:31:20 UTC 2026","85","cray-smd-hmth-test","non-disruptive","","","","Query the ServiceEndpoints collection for the SessionService",""
"passed","Thu Sep 10 08:30:39 UTC 2026","Thu Sep 10 08:30:39 UTC 2026","32","cray-bss-hmth-test","non-disruptive","","","","bssAPIServiceAPIsNegative - Verify POST, PUT, PATCH, DELETE against service endpoints[service/etcd]",""
"passed","Thu Sep 10 08:52:22 UTC 2026","Thu Sep 10 08:52:22 UTC 2026","16","cray-smd-hmth-test","disruptive","","","","hsmAPIstateComponentsNegativeInvalidParams[type]",""
"passed","Thu Sep 10 08:31:15 UTC 2026","Thu Sep 10 08:31:15 UTC 2026","470","cray-smd-hmth-test","non-disruptive","","","","Query the ComponentEndpoints collection",""
"passed","Thu Sep 10 08:30:24 UTC 2026","Thu Sep 10 08:30:24 UTC 2026","7","cray-smd-hmth-test","smoke","","","","test_smoke[Verify GET hsm/v2/Inventory/Hardware/History]",""
"passed","Thu Sep 10 08:30:26 UTC 2026","Thu Sep 10 08:30:26 UTC 2026","12","cray-capmc-hmth-test","non-disruptive","","","","capmcAPIGetXnameStatus garbage filter",""
"passed","Thu Sep 10 08:30:21 UTC 2026","Thu Sep 10 08:30:22 UTC 2026","4","cray-bss-hmth-test","smoke","","","","test_smoke[Verify GET boot/v1/bootparameters]",""
"passed","Thu Sep 10 08:38:56 UTC 2026","Thu Sep 10 08:40:26 UTC 2026","90123","cray-capmc-hmth-test","disruptive","","","","capmcAPIxnameReinitPOSTmultipleOnComputeNodes - Verify xname_reinit restarts multiple compute nodes that are powered on",""
"passed","Thu Sep 10 08:31:15 UTC 2026","Thu Sep 10 08:31:15 UTC 2026","47","cray-smd-hmth-test","non-disruptive","","","","Query the ComponentEndpoints collection and get Node Enclosure Information",""
"passed","Thu Sep 10 08:30:23 UTC 2026","Thu Sep 10 08:30:23 UTC 2026","2","cray-sls-hmth-test","smoke","","","","test_smoke[Verify GET v1/liveness]",""
"passed","Thu Sep 10 08:58:22 UTC 2026","Thu Sep 10 08:58:22 UTC 2026","28","cray-smd-hmth-test","destructive","","","","HSM Ethernet Interfaces Collection",""
"passed","Thu Sep 10 08:30:53 UTC 2026","Thu Sep 10 08:30:53 UTC 2026","13","cray-firmware-action-hmth-test","non-disruptive","","","","Verify the service status details resource",""
"passed","Thu Sep 10 08:56:01 UTC 2026","Thu Sep 10 08:57:01 UTC 2026","59540","cray-capmc-hmth-test","build-pipeline-only","","","","capmcAPIxnameOnPOSToffComputeModuleRecursive - Verify xname_on with the recursive option powers on a compute module and its children that are powered off",""
"passed","Thu Sep 10 08:30:26 UTC 2026","Thu Sep 10 08:30:26 UTC 2026","13","cray-capmc-hmth-test","non-disruptive","","","","capmcAPIGetXnameStatus GET method fails",""
"passed","Thu Sep 10 08:52:16 UTC 2026","Thu Sep 10 08:52:16 UTC 2026","27","cray-bss-hmth-test","disruptive","","","","bssAPIendpointHistory",""
"passed","Thu Sep 10 08:58:17 UTC 2026","Thu Sep 10 08:58:17 UTC 2026","150","cray-bss-hmth-test","destructive","","","","bssAPIBootparameterNIDAsIdentifier",""
"passed","Thu Sep 10 08:30:39 UTC 2026","Thu Sep 10 08:30:39 UTC 2026","14","cray-bss-hmth-test","non-disruptive","","","","Verify the bootscript service gracefully handles invalid nids for the bootscript resource[*]",""
"passed","Thu Sep 10 08:30:41 UTC 2026","Thu Sep 10 08:30:41 UTC 2026","48","cray-sls-hmth-test","non-disruptive","","","","Verify the hardware resource with a specific xname",""
"passed","Thu Sep 10 08:30:24 UTC 2026","Thu Sep 10 08:30:24 UTC 2026","4","cray-smd-hmth-test","smoke","","","","test_smoke[Verify GET hsm/v2/service/ready]",""
"passed","Thu Sep 10 08:30:20 UTC 2026","Thu Sep 10 08:30:20 UTC 2026","4","cray-capmc-hmth-test","smoke","","","","test_smoke[Verify POST capmc/v1/get_power_cap_capabilities]",""
"passed","Thu Sep 10 08:30:23 UTC 2026","Thu Sep 10 08:30:23 UTC 2026","3","cray-sls-hmth-test","smoke","","","","test_smoke[Verify GET v1/health]",""
"passed","Thu Sep 10 08:30:53 UTC 2026","Thu Sep 10 08:30:53 UTC 2026","10","cray-firmware-action-hmth-test","non-disruptive","","","","Verify the service version resource",""
"passed","Thu Sep 10 08:31:20 UTC 2026","Thu Sep 10 08:31:21 UTC 2026","11","cray-smd-hmth-test","non-disruptive","","","","Attempt to query the ServiceEndpoints collection for the EventService with a valid but nonexistent xname",""
"passed","Thu Sep 10 08:30:24 UTC 2026","Thu Sep 10 08:30:24 UTC 2026","2","cray-smd-hmth-test","smoke","","","","test_smoke[Verify GET hsm/v2/service/liveness]",""
"passed","Thu Sep 10 08:46:35 UTC 2026","Thu Sep 10 08:46:37 UTC 2026","2144","cray-power-control-hmth-test","disruptive","","","","Verify transitions keeps power on for a compute node that is already powered on",""
"passed","Thu Sep 10 08:52:29 UTC 2026","Thu Sep 10 08:52:29 UTC 2026","288","cray-capmc-hmth-test","build-pipeline-only","","","","capmcAPISetPowerCap",""
"passed","Thu Sep 10 08:30:36 UTC 2026","Thu Sep 10 08:30:37 UTC 2026","1043","cray-power-control-hmth-test","non-disruptive","","","","Verify transitions handles requests for non-present nodes",""
"passed","Thu Sep 10 08:52:27 UTC 2026","Thu Sep 10 08:52:27 UTC 2026","93","cray-smd-hmth-test","disruptive","","","","hsmAPIserviceNegative",""
"passed","Thu Sep 10 08:30:35 UTC 2026","Thu Sep 10 08:30:35 UTC 2026","55","cray-power-control-hmth-test","non-disruptive","","","","Verify power-status for a Node using a powerStateFilter",""
"passed","Thu Sep 10 08:31:22 UTC 2026","Thu Sep 10 08:31:54 UTC 2026","31733","cray-capmc-hmth-test","disruptive","","","","capmcAPIxnameOffPOSTonComputeNode - Verify xname_off powers off a compute node that is powered on",""
"passed","Thu Sep 10 08:30:26 UTC 2026","Thu Sep 10 08:30:26 UTC 2026","12","cray-capmc-hmth-test","non-disruptive","","","","capmcAPIGetXnameStatus DELETE method fails",""
"passed","Thu Sep 10 08:31:19 UTC 2026","Thu Sep 10 08:31:19 UTC 2026","51","cray-smd-hmth-test","non-disruptive","","","","Query the Hardware collection for Node Enclosure information",""
"passed","Thu Sep 10 08:30:39 UTC 2026","Thu Sep 10 08:30:39 UTC 2026","75","cray-bss-hmth-test","non-disruptive","","","","Verify the bootscript resource",""
"passed","Thu Sep 10 08:30:20 UTC 2026","Thu Sep 10 08:30:20 UTC 2026","2","cray-capmc-hmth-test","smoke","","","","test_smoke[Verify GET capmc/v1/readiness]",""
"passed","Thu Sep 10 08:52:22 UTC 2026","Thu Sep 10 08:52:22 UTC 2026","328","cray-smd-hmth-test","disruptive","","","","hsmAPIstateComponentsNegative",""
"passed","Thu Sep 10 08:52:26 UTC 2026","Thu Sep 10 08:52:26 UTC 2026","173","cray-smd-hmth-test","disruptive","","","","hsmAPIdefaultsNodeMapsDisruptive",""
"passed","Thu Sep 10 08:41:26 UTC 2026","Thu Sep 10 08:41:26 UTC 2026","35","cray-capmc-hmth-test","disruptive","","","","capmcAPIxnameReinitPOSTnodeEnclosureXname",""
"passed","Thu Sep 10 08:30:26 UTC 2026","Thu Sep 10 08:30:26 UTC 2026","17","cray-capmc-hmth-test","non-disruptive","","","","capmcAPIGetXnameStatus with 'show_standby' filter",""
"passed","Thu Sep 10 08:52:13 UTC 2026","Thu Sep 10 08:52:13 UTC 2026","225","cray-bss-hmth-test","disruptive","","","","bssAPIBootparametersBadData",""
"passed","Thu Sep 10 08:30:26 UTC 2026","Thu Sep 10 08:30:26 UTC 2026","11","cray-capmc-hmth-test","non-disruptive","","","","capmcAPIGetXnameStatus HEAD method fails",""
"passed","Thu Sep 10 08:31:20 UTC 2026","Thu Sep 10 08:31:20 UTC 2026","11","cray-smd-hmth-test","non-disruptive","","","","Attempt to query the ServiceEndpoints collection for the AccountService with a valid but nonexistent xname",""
"passed","Thu Sep 10 08:30:35 UTC 2026","Thu Sep 10 08:30:35 UTC 2026","13","cray-power-control-hmth-test","non-disruptive","","","","Verify power-status with an invalid managementStateFilter",""
"passed","Thu Sep 10 08:30:39 UTC 2026","Thu Sep 10 08:30:39 UTC 2026","41","cray-bss-hmth-test","non-disruptive","","","","bssAPIServiceAPIs",""
"passed","Thu Sep 10 08:30:24 UTC 2026","Thu Sep 10 08:30:24 UTC 2026","2","cray-smd-hmth-test","smoke","","","","test_smoke[Verify GET hsm/v2/service/values/subrole]",""
"passed","Thu Sep 10 08:30:26 UTC 2026","Thu Sep 10 08:30:27 UTC 2026","75","cray-capmc-hmth-test","non-disruptive","","","","capmcAPIServiceAPIs",""
"passed","Thu Sep 10 08:30:25 UTC 2026","Thu Sep 10 08:30:25 UTC 2026","4","cray-smd-hmth-test","smoke","","","","test_smoke[Verify GET hsm/v2/sysinfo/powermaps]",""
"passed","Thu Sep 10 08:30:21 UTC 2026","Thu Sep 10 08:30:21 UTC 2026","4","cray-power-control-hmth-test","smoke","","","","test_smoke[Verify GET health]",""
"passed","Thu Sep 10 08:30:20 UTC 2026","Thu Sep 10 08:30:20 UTC 2026","2","cray-capmc-hmth-test","smoke","","","","test_smoke[Verify GET capmc/v1/liveness]",""
"passed","Thu Sep 10 08:52:27 UTC 2026","Thu Sep 10 08:52:27 UTC 2026","297","cray-smd-hmth-test","disruptive","","","","hsmAPIRedfishEndpoints",""
"passed","Thu Sep 10 08:30:36 UTC 2026","Thu Sep 10 08:30:36 UTC 2026","19","cray-power-control-hmth-test","non-disruptive","","","","Verify transitions rejects unsupported methods",""
"passed","Thu Sep 10 08:30:21 UTC 2026","Thu Sep 10 08:30:21 UTC 2026","3","cray-power-control-hmth-test","smoke","","","","test_smoke[Verify GET power-cap]",""
"passed","Thu Sep 10 08:30:20 UTC 2026","Thu Sep 10 08:30:20 UTC 2026","5","cray-capmc-hmth-test","smoke","","","","test_smoke[Verify POST capmc/v1/get_power_cap]",""
"passed","Thu Sep 10 08:31:16 UTC 2026","Thu Sep 10 08:31:16 UTC 2026","27","cray-smd-hmth-test","non-disruptive","","","","Ensure that we can conduct a query for all Node BMCs in the Component collection",""
"passed","Thu Sep 10 08:30:23 UTC 2026","Thu Sep 10 08:30:23 UTC 2026","4","cray-firmware-action-hmth-test","smoke","","","","test_smoke[Verify GET service/status/details]",""
"passed","Thu Sep 10 08:30:24 UTC 2026","Thu Sep 10 08:30:24 UTC 2026","2","cray-smd-hmth-test","smoke","","","","test_smoke[Verify GET hsm/v2/service/values/role]",""
"passed","Thu Sep 10 08:30:24 UTC 2026","Thu Sep 10 08:30:24 UTC 2026","3","cray-smd-hmth-test","smoke","","","","test_smoke[Verify GET hsm/v2/partitions/names]",""
"passed","Thu Sep 10 08:30:26 UTC 2026","Thu Sep 10 08:30:26 UTC 2026","33","cray-capmc-hmth-test","non-disruptive","","","","capmcAPIGetXnameStatus with 'show_all' filter",""
"passed","Thu Sep 10 08:30:26 UTC 2026","Thu Sep 10 08:30:26 UTC 2026","12","cray-capmc-hmth-test","non-disruptive","","","","capmcAPIGetXnameStatus PUT method fails",""
"passed","Thu Sep 10 08:58:13 UTC 2026","Thu Sep 10 08:58:13 UTC 2026","28","cray-power-control-hmth-test","build-pipeline-only","","","","Verify power-status for a ComputeModule",""
"passed","Thu Sep 10 08:30:53 UTC 2026","Thu Sep 10 08:31:13 UTC 2026","20077","cray-firmware-action-hmth-test","non-disruptive","","","","Verify the snapshots resource for creating a new snapshot",""
"passed","Thu Sep 10 08:30:32 UTC 2026","Thu Sep 10 08:30:32 UTC 2026","16","cray-power-control-hmth-test","non-disruptive","","","","Verify power-cap handles non-existent taskIDs",""
"passed","Thu Sep 10 08:49:02 UTC 2026","Thu Sep 10 08:49:03 UTC 2026","131","cray-power-control-hmth-test","disruptive","","","","Verify that all transition operations have the expected data",""
"passed","Thu Sep 10 08:30:42 UTC 2026","Thu Sep 10 08:30:53 UTC 2026","10524","cray-firmware-action-hmth-test","non-disruptive","","","","Verify the actions resource",""
"failed","Thu Sep 10 08:58:17 UTC 2026","Thu Sep 10 08:58:17 UTC 2026","105","cray-bss-hmth-test","destructive","","","","bssAPIendpointHistory",""
"passed","Thu Sep 10 08:30:29 UTC 2026","Thu Sep 10 08:30:30 UTC 2026","1062","cray-power-control-hmth-test","non-disruptive","","","","Verify power-cap handles snapshot requests for non-present nodes",""
"passed","Thu Sep 10 08:30:24 UTC 2026","Thu Sep 10 08:30:24 UTC 2026","2","cray-smd-hmth-test","smoke","","","","test_smoke[Verify GET hsm/v2/service/values/arch]",""
"passed","Thu Sep 10 08:30:24 UTC 2026","Thu Sep 10 08:30:24 UTC 2026","2","cray-smd-hmth-test","smoke","","","","test_smoke[Verify GET hsm/v2/service/values/nettype]",""
"passed","Thu Sep 10 08:35:55 UTC 2026","Thu Sep 10 08:36:25 UTC 2026","29539","cray-capmc-hmth-test","disruptive","","","","capmcAPIxnameOnPOSTmultipleOffComputeNodes - Verify xname_on powers on multiple compute nodes that are powered off",""
"passed","Thu Sep 10 08:52:22 UTC 2026","Thu Sep 10 08:52:22 UTC 2026","17","cray-smd-hmth-test","disruptive","","","","hsmAPIstateComponentsNegativeInvalidParams[class]",""
"passed","Thu Sep 10 08:34:24 UTC 2026","Thu Sep 10 08:35:26 UTC 2026","61089","cray-capmc-hmth-test","disruptive","","","","capmcAPIxnameOffPOSTonComputeModule - Verify xname_off powers off a compute module that is powered on",""
"passed","Thu Sep 10 08:52:18 UTC 2026","Thu Sep 10 08:52:18 UTC 2026","42","cray-sls-hmth-test","disruptive","","","","slsAPISearchNetworks",""
"passed","Thu Sep 10 08:30:35 UTC 2026","Thu Sep 10 08:30:35 UTC 2026","84","cray-power-control-hmth-test","non-disruptive","","","","Verify power-status for all components",""
"passed","Thu Sep 10 08:30:27 UTC 2026","Thu Sep 10 08:30:27 UTC 2026","12","cray-capmc-hmth-test","non-disruptive","","","","capmcAPIxnameReinitPUT - Verify xname_reinit PUT method fails",""
"passed","Thu Sep 10 08:50:38 UTC 2026","Thu Sep 10 08:52:12 UTC 2026","93391","cray-power-control-hmth-test","disruptive","","","","Verify transitions restarts multiple compute nodes that are powered on",""
"passed","Thu Sep 10 08:58:25 UTC 2026","Thu Sep 10 08:58:25 UTC 2026","25","cray-smd-hmth-test","destructive","","","","hsmAPIdefaultsNodeMapsDestructive",""
"passed","Thu Sep 10 08:30:24 UTC 2026","Thu Sep 10 08:30:24 UTC 2026","3","cray-smd-hmth-test","smoke","","","","test_smoke[Verify GET hsm/v2/service/values/flag]",""
"passed","Thu Sep 10 08:31:20 UTC 2026","Thu Sep 10 08:31:20 UTC 2026","100","cray-smd-hmth-test","non-disruptive","","","","Query the ServiceEndpoints collection for the UpdateService",""
"passed","Thu Sep 10 08:30:33 UTC 2026","Thu Sep 10 08:30:34 UTC 2026","1062","cray-power-control-hmth-test","non-disruptive","","","","Verify power-cap handles patch requests for unsupported NodeBMC component type",""
"passed","Thu Sep 10 08:52:28 UTC 2026","Thu Sep 10 08:52:29 UTC 2026","274","cray-capmc-hmth-test","build-pipeline-only","","","","capmcAPIGetPowerCap",""
"passed","Thu Sep 10 08:31:19 UTC 2026","Thu Sep 10 08:31:19 UTC 2026","101","cray-smd-hmth-test","non-disruptive","","","","Call the Hardware Inventory Query API with a Node xname",""
"passed","Thu Sep 10 08:58:22 UTC 2026","Thu Sep 10 08:58:23 UTC 2026","1110","cray-smd-hmth-test","destructive","","","","hsmAPIinventoryHardware[ByFRU]destructive",""
"passed","Thu Sep 10 08:30:26 UTC 2026","Thu Sep 10 08:30:26 UTC 2026","18","cray-capmc-hmth-test","non-disruptive","","","","capmcAPIGetXnameStatus with multiple filters",""
"passed","Thu Sep 10 08:52:23 UTC 2026","Thu Sep 10 08:52:23 UTC 2026","245","cray-smd-hmth-test","disruptive","","","","Verify POST, GET, PATCH, and DELETE methods for various /groups APIs",""
"passed","Thu Sep 10 08:31:19 UTC 2026","Thu Sep 10 08:31:20 UTC 2026","135","cray-smd-hmth-test","non-disruptive","","","","Ensure that we can gather information from the RedfishEndpoints collection",""
"passed","Thu Sep 10 08:30:24 UTC 2026","Thu Sep 10 08:30:24 UTC 2026","3","cray-smd-hmth-test","smoke","","","","test_smoke[Verify GET hsm/v2/Inventory/DiscoveryStatus]",""
"passed","Thu Sep 10 08:52:13 UTC 2026","Thu Sep 10 08:52:13 UTC 2026","49","cray-bss-hmth-test","disruptive","","","","bssAPIBootparametersNonExistent",""
"passed","Thu Sep 10 08:30:26 UTC 2026","Thu Sep 10 08:30:26 UTC 2026","11","cray-capmc-hmth-test","non-disruptive","","","","capmcAPIGetXnameStatus PATCH method fails",""
"passed","Thu Sep 10 08:30:35 UTC 2026","Thu Sep 10 08:30:35 UTC 2026","14","cray-power-control-hmth-test","non-disruptive","","","","Verify power-status with an invalid xname",""
"passed","Thu Sep 10 08:52:22 UTC 2026","Thu Sep 10 08:52:22 UTC 2026","15","cray-smd-hmth-test","disruptive","","","","hsmAPIstateComponentsNegativeInvalidParams[flag]",""
"passed","Thu Sep 10 08:35:26 UTC 2026","Thu Sep 10 08:35:26 UTC 2026","68","cray-capmc-hmth-test","disruptive","","","","capmcAPIxnameOffPOSTlockedNode",""
"passed","Thu Sep 10 08:30:27 UTC 2026","Thu Sep 10 08:30:27 UTC 2026","45","cray-capmc-hmth-test","non-disruptive","","","","capmcAPIxnameReinitPOSTnodeXnameRecursiveAndPrereq",""
"passed","Thu Sep 10 08:30:24 UTC 2026","Thu Sep 10 08:30:24 UTC 2026","5","cray-smd-hmth-test","smoke","","","","test_smoke[Verify GET hsm/v2/Inventory/HardwareByFRU/History]",""
"passed","Thu Sep 10 08:30:26 UTC 2026","Thu Sep 10 08:30:26 UTC 2026","85","cray-capmc-hmth-test","non-disruptive","","","","capmcAPIGetXnameStatus via Redfish",""
"passed","Thu Sep 10 08:30:26 UTC 2026","Thu Sep 10 08:30:26 UTC 2026","32","cray-capmc-hmth-test","non-disruptive","","","","capmcAPIGetXnameStatus NodeBMC xname",""
"passed","Thu Sep 10 08:52:18 UTC 2026","Thu Sep 10 08:52:18 UTC 2026","71","cray-sls-hmth-test","disruptive","","","","slsAPINetworks",""
"passed","Thu Sep 10 08:52:14 UTC 2026","Thu Sep 10 08:52:14 UTC 2026","42","cray-bss-hmth-test","disruptive","","","","bssAPIcloudinitPhoneHomeNegative",""
"passed","Thu Sep 10 08:30:41 UTC 2026","Thu Sep 10 08:30:41 UTC 2026","46","cray-sls-hmth-test","non-disruptive","","","","slsAPIServiceAPIS",""
"passed","Thu Sep 10 08:30:26 UTC 2026","Thu Sep 10 08:30:26 UTC 2026","14","cray-capmc-hmth-test","non-disruptive","","","","capmcAPIGetXnameStatus with 'show_halt' filter",""
"passed","Thu Sep 10 08:52:22 UTC 2026","Thu Sep 10 08:52:22 UTC 2026","17","cray-smd-hmth-test","disruptive","","","","hsmAPIstateComponentsNegativeInvalidParams[nid_start]",""
"passed","Thu Sep 10 08:30:37 UTC 2026","Thu Sep 10 08:30:38 UTC 2026","1042","cray-power-control-hmth-test","non-disruptive","","","","Verify transitions handles requests for invalid nodes",""
"passed","Thu Sep 10 08:30:26 UTC 2026","Thu Sep 10 08:30:26 UTC 2026","19","cray-capmc-hmth-test","non-disruptive","","","","capmcAPIGetXnameStatus with 'show_on' filter",""
"passed","Thu Sep 10 08:30:39 UTC 2026","Thu Sep 10 08:30:39 UTC 2026","30","cray-bss-hmth-test","non-disruptive","","","","bssAPIServiceAPIsNegative - Verify POST, PUT, PATCH, DELETE against service endpoints[service/status/all]",""
"passed","Thu Sep 10 08:30:21 UTC 2026","Thu Sep 10 08:30:21 UTC 2026","4","cray-power-control-hmth-test","smoke","","","","test_smoke[Verify GET liveness]",""
"passed","Thu Sep 10 08:31:20 UTC 2026","Thu Sep 10 08:31:20 UTC 2026","97","cray-smd-hmth-test","non-disruptive","","","","hsmAPIservice",""
"passed","Thu Sep 10 08:30:27 UTC 2026","Thu Sep 10 08:30:27 UTC 2026","11","cray-capmc-hmth-test","non-disruptive","","","","capmcAPIxnameOnHEAD - Verify xname_on HEAD method fails",""
"passed","Thu Sep 10 08:30:41 UTC 2026","Thu Sep 10 08:30:41 UTC 2026","75","cray-sls-hmth-test","non-disruptive","","","","Verify the hardware resource",""
"passed","Thu Sep 10 08:52:18 UTC 2026","Thu Sep 10 08:52:18 UTC 2026","47","cray-sls-hmth-test","disruptive","","","","slsAPISearchNetworksNotFound[name]",""
"passed","Thu Sep 10 08:52:14 UTC 2026","Thu Sep 10 08:52:14 UTC 2026","30","cray-bss-hmth-test","disruptive","","","","bssAPIcloudinitUserDataNegative",""
"passed","Thu Sep 10 08:58:13 UTC 2026","Thu Sep 10 08:58:14 UTC 2026","1062","cray-power-control-hmth-test","build-pipeline-only","","","","Verify transitions handles requests for unsupported power transitions on NodeBMCs",""
"passed","Thu Sep 10 08:52:22 UTC 2026","Thu Sep 10 08:52:23 UTC 2026","205","cray-smd-hmth-test","disruptive","","","","HSM Ethernet Interfaces Collection",""
"passed","Thu Sep 10 08:45:32 UTC 2026","Thu Sep 10 08:46:35 UTC 2026","62993","cray-power-control-hmth-test","disruptive","","","","Verify transitions powers on a compute node that is powered off",""
"passed","Thu Sep 10 08:30:27 UTC 2026","Thu Sep 10 08:30:27 UTC 2026","14","cray-capmc-hmth-test","non-disruptive","","","","capmcAPIxnameOnPOSTmissingXnames",""
"passed","Thu Sep 10 08:30:24 UTC 2026","Thu Sep 10 08:30:24 UTC 2026","3","cray-smd-hmth-test","smoke","","","","test_smoke[Verify GET hsm/v2/service/values]",""
